,ID,Prediction,Reliability
0,100_205_53258680,0,13.85
1,100_36_53258680,0,13.7
2,100_99_53258680,0,
3,101_100_53258680,0,
4,101_102_53258680,1,30.23
5,101_103_53258680,0,
6,101_104_53258680,0,5.39
7,101_205_53258680,0,
8,101_36_53258680,0,1.88
9,101_99_53258680,0,1.52
10,102_100_53258680,0,32.49
11,102_103_53258680,0,35.73
12,102_104_53258680,0,38.96
13,102_205_53258680,0,15.15
14,102_36_53258680,0,31.2
15,102_99_53258680,0,44.82
16,103_100_53258680,1,38.15
17,103_104_53258680,1,8.29
18,103_205_53258680,1,7.84
19,103_36_53258680,0,
20,103_99_53258680,1,26.96
21,104_100_53258680,0,
22,104_205_53258680,1,24.57
23,104_36_53258680,0,8.46
24,104_99_53258680,1,1.77
25,106_121_71720882,1,3.3
26,106_121_71720883,0,1.54
27,106_137_11517747,0,2.93
28,106_137_3365,0,6.83
29,106_137_456201,1,0.64
30,106_137_53348132,1,1.91
31,106_137_53348135,0,5.69
32,106_137_53348136,1,19.88
33,106_137_53348138,1,8.22
34,106_137_53348140,0,6.2
35,106_137_53348141,0,2.47
36,106_148_3365,0,40.7
37,106_148_456201,0,36.6
38,106_159_456201,1,1.85
39,106_164_3365,1,9.75
40,106_164_427060,0,9.18
41,106_165_427060,1,0.6
42,106_178_3365,0,3.7
43,106_178_456201,1,5.16
44,107_110_123686,1,1.27
45,107_110_1978,0,0.43
46,107_110_2249,0,10.47
47,107_110_2405,0,11.61
48,107_110_2685,0,10.87
49,107_110_4171,0,9.48
50,107_110_4883,0,1.59
51,107_110_60657,0,15.73
52,107_110_6604049,0,11.13
53,107_110_6604779,0,3.32
54,107_40_1978,0,17.0
55,107_40_2083,1,3.04
56,107_40_2119,0,20.64
57,107_40_2249,0,15.3
58,107_40_2405,0,22.02
59,107_40_2475,0,16.07
60,107_40_2585,0,30.45
61,107_40_2685,0,6.38
62,107_40_3682,0,15.06
63,107_40_60657,0,29.13
64,108_126_439744,0,5.6
65,10_229_49871818,1,16.77
66,10_22_49871818,1,65.68
67,10_230_49871818,1,52.63
68,10_23_49871818,1,12.61
69,110_107_2083,1,11.04
70,110_107_2119,1,23.96
71,110_107_2475,1,9.65
72,110_107_2585,1,6.74
73,110_107_2687,1,11.88
74,110_107_3682,1,11.89
75,110_107_3869,0,5.28
76,110_107_39147,1,7.36
77,110_107_4930,1,12.83
78,110_107_4946,1,25.04
79,110_107_5152,0,4.56
80,110_107_5253,1,3.59
81,110_107_5403,0,3.85
82,110_107_5478,1,11.21
83,110_40_1978,1,23.79
84,110_40_2083,1,9.51
85,110_40_2119,0,10.84
86,110_40_2249,0,3.24
87,110_40_2405,1,5.37
88,110_40_2475,0,19.62
89,110_40_2585,0,16.84
90,110_40_2685,1,2.35
91,110_40_3682,0,10.37
92,110_40_5403,0,6.49
93,110_40_60657,0,3.47
94,111_112_5892,1,14.37
95,111_113_5892,0,0.38
96,111_114_5892,1,9.41
97,111_115_5892,0,1.18
98,112_113_5892,0,2.47
99,112_114_5892,1,12.45
100,112_115_5892,1,11.66
101,113_114_5892,1,10.16
102,115_113_5892,0,5.06
103,115_114_5892,0,1.71
104,116_111_5892,0,1.95
105,116_112_5892,1,14.51
106,116_113_5892,0,14.09
107,116_114_5892,1,18.79
108,116_115_5892,1,12.85
109,116_117_5892,0,16.56
110,117_112_5892,1,31.57
111,117_113_5892,1,18.61
112,117_114_5892,1,2.98
113,117_115_5892,0,1.4
114,119_176_124222210,0,
115,11_13_5291,0,12.19
116,11_16_5291,0,23.41
117,120_146_127053807,0,26.61
118,120_146_127053808,0,
119,122_123_10216037,0,8.19
120,122_123_11404039,1,1.57
121,122_123_21044336,1,4.14
122,122_123_21044338,0,1.8
123,122_123_44398711,1,7.78
124,122_123_44398976,0,27.65
125,122_123_656970,0,
126,122_125_11404039,0,
127,122_125_21044336,1,28.45
128,122_125_21044338,1,0.39
129,122_125_44398711,1,17.35
130,122_201_21044336,1,6.6
131,122_201_44398711,1,13.46
132,123_122_50997762,0,1.82
133,123_125_50997762,1,24.55
134,123_201_44398711,1,1.54
135,123_201_50997762,0,11.59
136,124_122_10216037,0,3.9
137,124_122_11404039,1,12.83
138,124_122_21044336,1,7.77
139,124_122_21044338,0,8.57
140,124_122_44398711,0,6.75
141,124_122_44398976,1,8.61
142,124_122_50997762,0,2.47
143,124_122_656970,0,7.87
144,124_123_10216037,0,3.75
145,124_123_11404039,0,3.33
146,124_123_21044336,0,3.97
147,124_123_21044338,1,1.4
148,124_123_44398711,0,1.5
149,124_123_44398976,0,1.14
150,124_123_50997762,1,4.72
151,124_123_656970,1,20.48
152,124_125_10216037,1,24.35
153,124_125_11404039,1,28.64
154,124_125_21044336,0,
155,124_125_21044338,1,33.19
156,124_125_44398711,1,34.08
157,124_125_44398976,1,25.11
158,124_125_50997762,1,48.19
159,124_125_656970,0,
160,124_168_10216037,0,24.73
161,124_168_11404039,0,4.99
162,124_168_21044336,1,5.0
163,124_168_21044338,1,5.66
164,124_168_44398711,0,20.55
165,124_168_44398976,0,10.57
166,124_168_50997762,0,20.69
167,124_168_656970,0,16.19
168,124_201_10216037,1,20.34
169,124_201_11404039,1,5.02
170,124_201_21044336,1,21.78
171,124_201_21044338,1,14.44
172,124_201_44398711,1,15.26
173,124_201_44398976,1,1.56
174,124_201_50997762,1,18.52
175,124_201_656970,1,7.46
176,124_43_21044338,1,46.24
177,124_43_44398711,1,24.27
178,124_43_44398976,1,31.3
179,124_43_50997762,1,31.11
180,125_122_10216037,0,26.51
181,125_122_44398976,0,13.2
182,125_122_50997762,0,8.61
183,125_122_656970,1,1.27
184,125_123_10216037,0,9.24
185,125_123_11404039,0,9.83
186,125_123_21044336,0,0.41
187,125_123_21044338,0,17.62
188,125_123_44398711,1,0.3
189,125_123_44398976,0,11.34
190,125_123_656970,0,8.6
191,125_201_10216037,0,10.26
192,125_201_21044336,1,10.7
193,125_201_44398711,0,3.86
194,125_201_50997762,0,16.87
195,127_147_53348088,1,9.8
196,127_147_54726364,0,1.49
197,127_147_5776617,1,5.2
198,128_129_104895,1,5.61
199,128_130_104850,0,8.09
200,128_130_104895,0,3.4
201,128_131_104895,1,6.05
202,128_132_104850,1,15.64
203,128_132_104895,0,7.72
204,128_133_104895,1,6.55
205,128_134_104850,1,6.31
206,128_135_104895,0,5.66
207,128_136_104895,1,5.71
208,129_130_104850,0,28.41
209,129_130_104895,0,27.5
210,129_131_104895,1,13.28
211,129_132_104850,0,7.42
212,129_132_104895,1,11.76
213,129_133_104895,0,5.45
214,129_134_104850,0,18.56
215,129_135_104895,0,21.19
216,129_136_104895,0,15.77
217,130_134_104850,1,32.02
218,131_130_104850,0,42.06
219,131_130_104895,0,18.97
220,131_132_104850,1,2.1
221,131_132_104895,0,12.05
222,131_133_104895,0,12.79
223,131_134_104850,0,41.13
224,131_135_104895,0,19.74
225,131_136_104895,0,34.45
226,132_130_104895,0,12.68
227,132_134_104850,0,17.97
228,132_135_104895,0,12.44
229,132_136_104895,0,16.81
230,133_128_104850,0,21.2
231,133_129_104850,0,2.73
232,133_130_104850,0,22.37
233,133_130_104895,0,38.62
234,133_131_104850,1,12.09
235,133_132_104850,0,3.29
236,133_134_104850,0,30.08
237,133_135_104895,1,2.7
238,133_136_104895,0,13.41
239,134_128_104895,0,5.56
240,134_129_104895,1,12.17
241,134_130_104895,0,17.51
242,134_131_104895,1,29.7
243,134_132_104895,1,5.01
244,134_133_104895,1,5.76
245,134_135_104895,1,2.92
246,134_136_104895,0,3.1
247,135_128_104850,0,4.2
248,135_129_104850,1,23.1
249,135_130_104850,0,15.16
250,135_130_104895,0,8.3
251,135_131_104850,1,23.11
252,135_132_104850,1,6.66
253,135_134_104850,1,9.12
254,136_128_104850,0,7.01
255,136_129_104850,1,21.45
256,136_130_104850,0,30.02
257,136_130_104895,0,26.44
258,136_131_104850,1,31.86
259,136_132_104850,0,0.38
260,136_133_104850,1,19.46
261,136_134_104850,0,11.19
262,136_135_104850,1,11.86
263,136_135_104895,1,6.78
264,137_106_11538619,0,2.36
265,137_106_11704652,0,9.92
266,137_106_53348137,1,1.5
267,137_106_53348142,0,2.8
268,137_106_9952928,1,2.15
269,137_148_3365,0,38.08
270,137_148_456201,0,26.53
271,137_159_456201,0,2.17
272,137_164_3365,0,23.97
273,137_178_3365,0,6.73
274,137_178_456201,0,11.99
275,138_139_42938883,1,31.48
276,138_139_54592203,1,39.6
277,138_139_72836925,1,30.37
278,138_140_42938883,1,6.31
279,138_140_54592203,1,3.53
280,138_140_72836925,1,18.94
281,139_140_42938883,0,32.12
282,139_140_72836925,0,7.27
283,13_11_156422,1,9.97
284,13_11_5329102,1,5.43
285,13_14_5494449,1,16.68
286,13_16_5494449,0,20.97
287,13_17_5329102,1,29.01
288,13_17_5494449,1,18.03
289,13_58_5494449,1,41.92
290,140_139_54592203,1,17.83
291,142_161_11955507,1,54.13
292,142_161_15942234,1,56.08
293,142_161_5647328,1,25.22
294,142_161_6323491,1,39.0
295,143_118_176407,0,9.69
296,144_143_1329,1,47.53
297,145_166_52941064,0,39.17
298,145_166_52949344,0,26.62
299,145_177_52940836,0,21.23
300,145_177_52941064,0,44.3
301,145_179_129626986,0,38.17
302,145_179_129626989,0,18.81
303,145_179_129626991,0,32.66
304,145_179_129626993,0,13.48
305,145_179_129626996,0,35.95
306,145_179_129626999,0,20.64
307,145_179_129627002,0,27.98
308,145_179_52941064,0,33.27
309,145_179_52945953,0,29.37
310,145_179_52948178,0,31.85
311,145_179_52949344,0,26.49
312,145_179_52949626,0,30.17
313,145_45_1986,0,36.87
314,145_45_3702,1,1.92
315,145_45_52941064,0,6.55
316,145_45_52945953,0,18.47
317,145_45_52948178,0,11.85
318,145_45_52949344,0,13.29
319,145_45_52949626,0,18.89
320,146_120_127053804,0,
321,146_120_127053805,0,
322,146_120_127053806,0,
323,147_127_43861154,1,9.54
324,147_127_53348087,0,10.03
325,148_159_456201,1,25.86
326,148_159_69590,1,26.53
327,148_164_69590,1,28.7
328,148_178_2812,1,23.59
329,148_178_3198,1,34.32
330,148_178_4189,1,24.56
331,148_178_456201,1,24.09
332,148_178_69590,1,54.76
333,148_178_91477,1,31.21
334,148_180_69590,1,11.36
335,148_197_5997,0,47.27
336,148_198_1202104,1,11.23
337,148_198_2812,1,26.6
338,148_198_3198,1,15.6
339,149_150_449123,0,15.74
340,149_150_449124,0,31.13
341,149_150_4740,0,11.69
342,149_152_449123,1,4.29
343,149_152_449124,1,10.27
344,149_153_449123,1,21.64
345,149_155_449124,0,15.93
346,149_156_449124,1,15.92
347,149_158_449124,1,18.85
348,149_158_4740,1,0.31
349,14_13_3062316,0,17.6
350,14_175_3062316,1,20.84
351,150_152_449123,0,10.01
352,150_153_449123,1,15.73
353,150_158_449124,0,17.35
354,151_149_4740,0,1.11
355,151_150_4740,0,1.8
356,151_153_4740,1,30.88
357,151_154_4740,1,26.89
358,151_156_4740,1,19.24
359,151_157_4740,1,13.85
360,151_158_4740,1,6.91
361,152_149_4740,0,
362,152_150_449124,1,1.69
363,152_150_4740,1,11.77
364,152_151_4740,0,13.58
365,152_153_4740,0,3.34
366,152_154_4740,0,3.84
367,152_155_449124,0,24.56
368,152_156_4740,1,18.62
369,152_157_4740,0,
370,152_158_449124,1,13.92
371,152_158_4740,1,0.61
372,153_149_4740,0,32.01
373,153_150_4740,0,1.52
374,153_152_449123,1,0.26
375,153_158_4740,0,1.26
376,154_149_4740,0,17.5
377,154_150_4740,0,6.78
378,154_153_4740,1,6.09
379,154_158_4740,1,0.61
380,155_149_449123,1,8.63
381,155_149_4740,1,9.94
382,155_150_449123,1,0.96
383,155_150_449124,0,16.83
384,155_150_4740,0,6.41
385,155_151_4740,1,12.72
386,155_152_449123,1,21.21
387,155_152_4740,1,16.34
388,155_153_449123,1,16.33
389,155_153_4740,1,41.16
390,155_154_4740,1,27.19
391,155_156_449123,1,4.55
392,155_156_4740,1,13.81
393,155_157_4740,1,21.58
394,155_158_449123,1,9.94
395,155_158_449124,1,12.82
396,155_158_4740,1,8.44
397,156_149_449123,0,20.64
398,156_149_4740,0,7.8
399,156_150_449123,1,22.18
400,156_150_449124,1,21.12
401,156_150_4740,1,14.09
402,156_152_449123,0,10.69
403,156_152_449124,0,22.92
404,156_153_449123,0,9.67
405,156_153_4740,0,10.82
406,156_154_4740,0,7.38
407,156_155_449124,0,22.86
408,156_158_449124,0,0.53
409,156_158_4740,0,2.29
410,157_149_449123,0,2.28
411,157_149_449124,1,2.59
412,157_149_4740,0,2.28
413,157_150_449123,0,4.35
414,157_150_449124,0,23.99
415,157_150_4740,0,1.63
416,157_152_449123,1,19.56
417,157_152_449124,1,17.76
418,157_153_449123,1,4.06
419,157_153_4740,0,8.17
420,157_154_4740,1,5.1
421,157_155_449123,0,25.91
422,157_155_449124,0,9.88
423,157_156_449123,1,20.61
424,157_156_449124,1,28.37
425,157_156_4740,1,13.37
426,157_158_449123,0,0.79
427,157_158_449124,1,5.92
428,157_158_4740,1,0.0
429,158_149_449123,1,2.81
430,158_150_449123,0,5.91
431,158_150_4740,1,0.9
432,158_152_449123,0,5.95
433,158_153_449123,0,8.46
434,158_156_449123,1,14.43
435,159_148_2812,0,15.31
436,159_148_3198,0,37.12
437,159_148_4189,0,43.91
438,159_164_69590,0,21.08
439,159_178_2812,0,5.92
440,159_178_3198,0,10.39
441,159_178_4189,0,11.23
442,159_180_69590,0,28.05
443,159_198_2812,0,9.34
444,159_198_3198,0,24.07
445,15_11_5291,0,12.25
446,15_13_5291,0,16.66
447,15_16_5291,0,11.24
448,15_18_5291,0,1.06
449,15_242_5291,0,2.1
450,161_142_57440476,0,52.84
451,161_142_72376511,0,53.13
452,161_142_72376512,0,41.66
453,163_175_91663440,0,24.97
454,164_148_3365,0,24.27
455,164_165_20856812,1,16.88
456,164_165_427060,1,6.55
457,164_178_3365,1,10.32
458,164_180_69590,1,2.8
459,166_145_127045752,1,5.84
460,166_145_127047625,1,16.64
461,166_145_127047846,1,8.91
462,166_145_129626983,1,27.48
463,166_145_129626984,1,12.1
464,166_145_129626985,1,27.75
465,166_145_129626986,1,20.08
466,166_145_129626987,1,15.23
467,166_145_129626988,1,11.04
468,166_145_129626989,1,34.47
469,166_145_129626990,0,0.43
470,166_145_129626991,1,34.04
471,166_145_129626992,1,1.16
472,166_145_129626993,1,21.49
473,166_145_129626994,1,7.51
474,166_145_129626995,1,18.82
475,166_145_129626996,1,25.51
476,166_145_129626997,1,21.16
477,166_145_129626998,1,23.0
478,166_145_129626999,1,9.7
479,166_145_129627000,1,3.04
480,166_145_129627001,1,24.49
481,166_145_129627002,1,17.78
482,166_145_129627003,1,22.15
483,166_145_1986,0,6.25
484,166_145_3295,1,14.45
485,166_145_3702,1,21.1
486,166_145_50904886,1,35.26
487,166_145_52940691,1,26.96
488,166_145_52940836,1,18.1
489,166_145_52943104,1,27.86
490,166_145_52944687,1,15.63
491,166_145_52945953,1,28.28
492,166_145_52948178,1,34.17
493,166_145_52949626,1,22.12
494,166_145_78319189,1,7.9
495,166_145_78319190,1,9.12
496,166_145_78319191,1,22.61
497,166_145_78319192,1,10.15
498,166_145_78319193,1,13.41
499,166_145_78319194,1,8.85
500,166_177_127045752,1,8.11
501,166_177_127047846,1,0.3
502,166_177_129626984,0,4.2
503,166_177_129626985,1,0.07
504,166_177_129626987,0,6.01
505,166_177_129626988,1,9.75
506,166_177_129626990,1,2.77
507,166_177_129626992,1,7.95
508,166_177_129626994,1,12.74
509,166_177_129626995,0,17.74
510,166_177_129626997,1,8.5
511,166_177_129626998,1,3.03
512,166_177_129627000,0,13.07
513,166_177_129627001,0,5.4
514,166_177_1986,0,20.9
515,166_177_3295,0,14.92
516,166_177_52940836,1,6.97
517,166_177_52945953,1,7.06
518,166_177_52948178,1,18.05
519,166_177_78319189,1,13.41
520,166_177_78319190,1,14.94
521,166_177_78319191,1,0.42
522,166_177_78319192,0,6.54
523,166_177_78319193,0,5.66
524,166_179_127045752,0,20.08
525,166_179_127047625,0,7.25
526,166_179_129626983,0,4.62
527,166_179_129626986,1,2.81
528,166_179_129626987,1,6.11
529,166_179_129626988,0,12.09
530,166_179_129626989,0,4.09
531,166_179_129626990,0,16.4
532,166_179_129626991,0,14.93
533,166_179_129626992,0,
534,166_179_129626993,1,7.52
535,166_179_129626994,1,2.83
536,166_179_129626996,0,12.53
537,166_179_129626999,1,2.87
538,166_179_129627000,0,4.92
539,166_179_129627001,0,24.31
540,166_179_129627002,0,22.9
541,166_179_129627003,1,5.0
542,166_179_52940836,0,16.96
543,166_179_52941064,0,8.59
544,166_179_52943104,0,2.78
545,166_179_52944687,0,11.73
546,166_179_52945953,0,13.4
547,166_179_52948178,0,4.5
548,166_179_52949344,0,5.81
549,166_179_52949626,1,6.33
550,166_179_78319189,0,9.43
551,166_179_78319190,0,5.46
552,166_179_78319191,1,1.55
553,166_179_78319192,1,9.39
554,166_179_78319193,0,8.48
555,166_179_78319194,0,15.03
556,166_45_127045752,0,10.96
557,166_45_127047625,1,11.68
558,166_45_127047846,0,2.03
559,166_45_129626983,1,10.53
560,166_45_129626985,1,14.54
561,166_45_129626986,1,11.55
562,166_45_129626987,0,4.82
563,166_45_129626990,0,7.74
564,166_45_129627003,1,5.4
565,166_45_1986,0,11.35
566,166_45_3295,0,24.39
567,166_45_3702,1,34.87
568,166_45_52941064,1,17.69
569,166_45_52945953,1,31.21
570,166_45_52948178,1,22.19
571,166_45_52949344,1,33.01
572,166_45_52949626,1,31.86
573,166_45_7370,0,25.31
574,166_45_78319189,0,15.72
575,166_45_78319192,1,17.7
576,166_45_78319194,1,25.25
577,166_45_91895868,0,11.65
578,168_122_10216037,1,6.69
579,168_122_11404039,1,6.14
580,168_122_21044336,1,17.91
581,168_122_21044338,1,20.6
582,168_122_44398711,1,30.8
583,168_122_44398976,1,19.01
584,168_122_50997762,1,21.47
585,168_122_656970,1,31.03
586,168_123_10216037,1,15.74
587,168_123_11404039,1,22.67
588,168_123_21044336,1,19.45
589,168_123_21044338,1,34.42
590,168_123_44398711,1,15.96
591,168_123_44398976,1,2.59
592,168_123_50997762,1,33.08
593,168_123_656970,0,8.75
594,168_125_10216037,1,7.31
595,168_125_11404039,1,20.17
596,168_125_21044336,1,20.47
597,168_125_21044338,1,7.28
598,168_125_44398711,1,32.11
599,168_125_44398976,1,10.91
600,168_125_50997762,1,29.87
601,168_125_656970,1,13.17
602,168_201_10216037,1,2.55
603,168_201_11404039,1,29.53
604,168_201_21044336,1,31.24
605,168_201_21044338,1,4.71
606,168_201_44398711,1,20.72
607,168_201_44398976,1,2.05
608,168_201_50997762,1,18.46
609,168_201_656970,1,21.75
610,168_43_21044338,1,55.75
611,168_43_44398711,1,28.24
612,168_43_44398976,1,28.17
613,16_13_3062316,1,19.07
614,16_13_5291,1,7.18
615,16_14_3062316,1,1.47
616,16_14_5494449,1,14.12
617,16_175_3062316,0,1.87
618,16_17_5494449,1,1.43
619,16_58_5494449,1,15.21
620,170_169_7420,1,35.8
621,171_169_7420,1,10.01
622,171_170_7420,0,31.64
623,172_141_10992961,1,73.87
624,172_141_24776263,1,61.18
625,172_141_24776267,1,70.73
626,172_27_11948679,1,40.03
627,172_28_24776267,1,69.47
628,172_38_10992961,1,53.57
629,172_38_11948679,1,61.11
630,172_38_24776259,0,
631,173_197_124037349,0,6.67
632,173_197_4971,1,0.69
633,174_11_156422,0,4.38
634,174_13_156422,1,12.96
635,174_175_10229750,1,0.78
636,174_175_156422,0,4.51
637,175_11_156422,1,9.74
638,175_13_156422,1,0.7
639,175_13_3062316,0,7.34
640,175_174_10114928,1,1.89
641,175_174_10209208,0,4.99
642,175_174_23646852,0,4.26
643,175_174_9892658,0,1.4
644,177_145_127045752,1,20.85
645,177_145_127047625,1,42.06
646,177_145_127047846,1,12.4
647,177_145_129626983,1,32.66
648,177_145_129626984,1,18.34
649,177_145_129626985,1,14.85
650,177_145_129626986,1,18.38
651,177_145_129626987,1,3.02
652,177_145_129626988,1,36.12
653,177_145_129626989,1,22.51
654,177_145_129626990,1,20.28
655,177_145_129626991,1,27.19
656,177_145_129626992,1,12.81
657,177_145_129626993,1,25.82
658,177_145_129626994,1,10.44
659,177_145_129626995,1,27.5
660,177_145_129626996,1,27.24
661,177_145_129626997,1,15.39
662,177_145_129626998,1,30.93
663,177_145_129626999,1,24.33
664,177_145_129627000,1,27.84
665,177_145_129627001,1,37.14
666,177_145_129627002,1,14.7
667,177_145_129627003,1,14.94
668,177_145_1986,1,45.29
669,177_145_3295,1,18.97
670,177_145_3702,1,23.26
671,177_145_50904886,1,30.12
672,177_145_52940691,1,30.35
673,177_145_52943104,1,15.86
674,177_145_52944687,1,17.89
675,177_145_52948178,1,25.83
676,177_145_52949344,1,34.93
677,177_145_52949626,1,25.84
678,177_145_78319189,1,0.18
679,177_145_78319190,1,29.04
680,177_145_78319191,1,16.94
681,177_145_78319192,1,26.18
682,177_145_78319193,1,35.92
683,177_145_78319194,1,10.87
684,177_166_127047625,0,4.64
685,177_166_129626983,0,0.89
686,177_166_129626986,1,10.39
687,177_166_129626989,0,11.02
688,177_166_129626991,0,5.53
689,177_166_129626993,0,9.58
690,177_166_129626996,1,15.77
691,177_166_129626999,1,13.25
692,177_166_129627002,0,9.25
693,177_166_129627003,0,14.87
694,177_166_3702,0,11.91
695,177_166_50904886,0,10.74
696,177_166_52940691,0,15.48
697,177_166_52941064,1,1.98
698,177_166_52943104,1,4.34
699,177_166_52944687,0,4.6
700,177_166_52949344,0,8.77
701,177_166_52949626,0,4.7
702,177_166_78319194,1,5.05
703,177_179_127047625,0,16.55
704,177_179_129626983,0,10.82
705,177_179_129626986,0,30.96
706,177_179_129626989,0,24.59
707,177_179_129626991,0,24.13
708,177_179_129626993,0,24.06
709,177_179_129626996,0,23.61
710,177_179_129626999,0,36.36
711,177_179_129627002,0,16.57
712,177_179_129627003,0,21.08
713,177_179_3702,0,14.67
714,177_179_50904886,0,17.68
715,177_179_52940691,0,20.87
716,177_179_52941064,0,21.83
717,177_179_52943104,0,22.71
718,177_179_52944687,0,11.07
719,177_179_52945953,0,34.25
720,177_179_52948178,0,16.6
721,177_179_52949344,0,33.2
722,177_179_52949626,0,8.77
723,177_179_78319192,1,0.03
724,177_179_78319194,0,18.87
725,177_45_127047625,0,6.03
726,177_45_129626983,1,7.6
727,177_45_129626986,0,
728,177_45_129626989,0,10.55
729,177_45_129627003,0,3.09
730,177_45_1986,0,31.78
731,177_45_3295,0,30.65
732,177_45_3702,1,21.98
733,177_45_52941064,0,1.73
734,177_45_52945953,1,2.86
735,177_45_52948178,1,12.77
736,177_45_52949344,0,1.36
737,177_45_52949626,1,6.17
738,177_45_78319192,0,21.42
739,177_45_78319194,0,2.7
740,178_148_3365,0,27.67
741,178_148_5997,0,28.76
742,178_159_456201,1,5.43
743,178_159_69590,0,14.75
744,178_164_69590,0,13.08
745,178_180_69590,0,41.48
746,178_197_5997,0,67.16
747,178_198_2812,1,2.66
748,179_145_127045752,1,5.95
749,179_145_127047625,1,32.17
750,179_145_127047846,1,21.59
751,179_145_129626984,1,20.09
752,179_145_129626985,1,22.2
753,179_145_129626987,1,17.89
754,179_145_129626988,1,21.57
755,179_145_129626990,1,10.39
756,179_145_129626992,1,24.39
757,179_145_129626994,1,35.02
758,179_145_129626995,1,17.75
759,179_145_129626997,1,11.99
760,179_145_129626998,1,20.08
761,179_145_129627000,1,17.66
762,179_145_129627001,1,29.76
763,179_145_129627003,1,24.61
764,179_145_1986,1,26.15
765,179_145_3295,1,3.74
766,179_145_3702,1,42.33
767,179_145_50904886,1,34.0
768,179_145_52940691,1,17.48
769,179_145_52940836,1,32.95
770,179_145_52943104,1,36.54
771,179_145_52944687,1,22.18
772,179_145_78319189,1,23.96
773,179_145_78319190,1,29.59
774,179_145_78319191,1,19.82
775,179_145_78319192,1,28.94
776,179_145_78319193,1,35.14
777,179_145_78319194,1,33.69
778,179_166_127047846,1,11.51
779,179_166_129626984,0,3.26
780,179_166_129626985,1,12.2
781,179_166_129626995,1,7.11
782,179_166_129626998,1,2.92
783,179_166_50904886,1,10.11
784,179_166_52940691,1,12.76
785,179_177_127045752,1,8.02
786,179_177_127047846,1,2.15
787,179_177_129626984,1,23.11
788,179_177_129626985,1,7.68
789,179_177_129626987,0,
790,179_177_129626988,1,27.04
791,179_177_129626990,1,4.96
792,179_177_129626992,1,20.71
793,179_177_129626994,1,4.51
794,179_177_129626995,1,25.98
795,179_177_129626997,1,7.37
796,179_177_129626998,1,34.33
797,179_177_129627000,1,28.74
798,179_177_129627001,1,18.19
799,179_177_1986,0,8.47
800,179_177_3295,0,4.58
801,179_177_52940836,1,30.03
802,179_177_78319189,1,33.09
803,179_177_78319190,1,6.19
804,179_177_78319191,1,5.83
805,179_177_78319193,1,30.03
806,179_45_127045752,0,0.97
807,179_45_127047846,0,4.33
808,179_45_129626984,1,14.77
809,179_45_129626985,1,6.87
810,179_45_1986,0,17.0
811,179_45_3295,0,19.08
812,179_45_3702,1,29.79
813,179_45_52941064,1,35.17
814,179_45_52945953,1,47.34
815,179_45_52948178,1,32.82
816,179_45_52949344,1,28.54
817,179_45_52949626,1,34.44
818,17_11_5329102,0,21.97
819,17_13_3062316,0,14.21
820,17_13_5311104,0,24.57
821,17_14_3062316,0,33.28
822,17_14_5494449,0,11.11
823,17_16_3062316,0,0.01
824,17_175_3062316,1,13.22
825,181_182_71183,1,6.92
826,181_183_71183,1,0.46
827,181_184_71183,0,15.16
828,181_185_71183,1,12.22
829,181_186_71183,0,2.49
830,181_187_71183,1,7.44
831,181_188_71183,1,24.55
832,181_190_71183,1,10.84
833,181_191_71183,0,28.33
834,181_192_71183,1,19.32
835,181_193_71183,0,6.02
836,181_195_71183,1,6.54
837,182_184_71183,1,5.69
838,182_185_71183,1,0.36
839,182_186_71183,1,11.24
840,182_187_71183,0,0.27
841,182_188_71183,1,1.96
842,182_190_71183,1,8.95
843,182_191_71183,0,6.06
844,182_192_71183,1,3.62
845,182_193_71183,0,8.23
846,182_195_71183,0,2.74
847,183_182_71183,1,13.5
848,183_184_71183,1,11.25
849,183_185_71183,0,11.15
850,183_186_71183,1,11.86
851,183_187_71183,1,8.41
852,183_188_71183,1,10.66
853,183_190_71183,1,19.43
854,183_191_71183,0,9.74
855,183_192_71183,1,17.62
856,183_193_71183,0,4.59
857,183_195_71183,1,11.78
858,185_184_71183,1,14.48
859,185_186_71183,0,3.44
860,185_187_71183,1,10.69
861,185_190_71183,1,0.11
862,185_191_71183,0,13.14
863,186_184_71183,1,10.02
864,186_187_71183,1,19.98
865,186_190_71183,1,2.94
866,186_191_71183,1,2.17
867,187_184_71183,0,4.07
868,188_184_71183,0,1.82
869,188_185_71183,0,13.82
870,188_186_71183,0,13.54
871,188_187_71183,0,3.52
872,188_190_71183,0,13.8
873,188_191_71183,0,16.28
874,188_192_71183,0,0.88
875,188_193_71183,0,13.59
876,189_181_71183,0,2.2
877,189_182_71183,0,6.5
878,189_183_71183,0,1.08
879,189_184_71183,0,3.16
880,189_185_71183,0,1.97
881,189_186_71183,0,1.05
882,189_187_71183,1,16.86
883,189_188_71183,1,10.36
884,189_190_71183,1,11.13
885,189_191_71183,0,16.38
886,189_192_71183,1,2.26
887,189_193_71183,1,0.11
888,189_194_71183,0,9.85
889,189_195_71183,1,25.81
890,18_11_5291,0,7.46
891,18_13_5291,0,30.27
892,18_16_5291,0,4.76
893,18_242_5291,1,16.74
894,190_184_71183,0,0.11
895,190_187_71183,1,0.7
896,191_184_71183,0,1.09
897,191_187_71183,1,8.32
898,191_190_71183,1,16.93
899,192_184_71183,0,4.28
900,192_185_71183,0,13.69
901,192_186_71183,0,20.4
902,192_187_71183,0,11.23
903,192_190_71183,0,5.47
904,192_191_71183,0,12.14
905,193_184_71183,1,15.8
906,193_185_71183,0,2.55
907,193_186_71183,0,3.31
908,193_187_71183,1,7.98
909,193_190_71183,1,20.76
910,193_191_71183,0,16.82
911,193_192_71183,1,9.82
912,194_181_71183,1,14.73
913,194_182_71183,0,8.48
914,194_183_71183,0,2.81
915,194_184_71183,1,17.27
916,194_185_71183,1,14.93
917,194_186_71183,0,5.8
918,194_187_71183,0,0.32
919,194_188_71183,1,36.94
920,194_190_71183,1,8.54
921,194_191_71183,0,7.68
922,194_192_71183,1,19.8
923,194_193_71183,0,3.01
924,194_195_71183,1,14.15
925,195_184_71183,1,6.69
926,195_185_71183,0,24.17
927,195_186_71183,0,15.94
928,195_187_71183,0,16.59
929,195_188_71183,0,
930,195_190_71183,0,4.27
931,195_191_71183,0,11.55
932,195_192_71183,0,9.01
933,195_193_71183,0,17.32
934,196_93_91896249,0,11.74
935,196_93_9862248,0,24.39
936,198_178_3198,0,5.3
937,200_246_16760024,1,38.37
938,201_122_10216037,0,27.08
939,201_122_11404039,0,12.79
940,201_122_21044338,0,24.69
941,201_122_44398976,0,14.29
942,201_122_50997762,0,17.06
943,201_122_656970,0,6.74
944,201_123_10216037,0,5.14
945,201_123_11404039,1,0.54
946,201_123_21044336,0,10.27
947,201_123_21044338,1,18.0
948,201_123_44398976,0,4.52
949,201_123_656970,0,11.68
950,201_125_11404039,1,2.0
951,201_125_21044338,0,7.15
952,201_125_44398976,0,11.71
953,201_125_656970,0,6.94
954,203_202_119081246,0,40.62
955,204_202_119081246,1,0.4
956,204_203_119081246,1,20.6
957,205_36_53258680,0,13.74
958,205_99_53258680,0,18.47
959,206_162_127053821,0,
960,206_162_127053827,0,
961,208_207_122661600,0,13.41
962,209_207_122661600,0,32.69
963,209_208_122661600,1,15.52
964,209_210_122661600,0,16.75
965,209_213_122661600,0,7.68
966,210_207_122661600,0,15.11
967,210_208_122661600,1,16.54
968,211_207_122661600,0,23.19
969,211_208_122661600,1,4.05
970,211_209_122661600,0,0.68
971,211_210_122661600,0,38.75
972,211_213_122661600,0,26.81
973,211_214_122661600,1,6.01
974,212_207_122661600,0,19.59
975,212_208_122661600,0,11.13
976,212_209_122661600,0,21.14
977,212_210_122661600,0,20.9
978,212_211_122661600,0,16.92
979,212_213_122661600,0,29.84
980,212_214_122661600,0,9.49
981,213_207_122661600,0,31.63
982,213_208_122661600,1,4.34
983,213_210_122661600,0,7.94
984,214_207_122661600,0,17.79
985,214_208_122661600,0,15.38
986,214_209_122661600,0,
987,214_210_122661600,0,28.01
988,214_213_122661600,0,10.88
989,216_215_46907787,0,11.79
990,216_218_46907787,1,4.13
991,216_220_46907787,1,11.55
992,216_223_46907787,1,16.85
993,216_224_46907787,0,2.33
994,217_215_46907787,1,7.24
995,217_216_46907787,0,
996,217_218_46907787,0,10.6
997,217_220_46907787,0,13.34
998,217_223_46907787,1,33.54
999,217_224_46907787,1,12.25
1000,218_215_46907787,0,4.42
1001,219_215_46907787,1,0.71
1002,219_216_46907787,0,6.77
1003,219_217_46907787,1,6.75
1004,219_218_46907787,1,4.69
1005,219_220_46907787,0,0.66
1006,219_221_46907787,1,3.49
1007,219_223_46907787,1,8.77
1008,219_224_46907787,1,26.18
1009,219_225_46907787,0,8.41
1010,219_226_46907787,1,7.48
1011,220_215_46907787,0,25.4
1012,220_218_46907787,1,22.71
1013,221_215_46907787,0,
1014,221_216_46907787,0,20.31
1015,221_217_46907787,0,17.13
1016,221_218_46907787,1,3.38
1017,221_220_46907787,0,38.51
1018,221_223_46907787,1,25.29
1019,221_224_46907787,0,
1020,221_225_46907787,0,3.61
1021,221_226_46907787,1,6.15
1022,222_215_46907787,0,30.68
1023,222_216_46907787,1,2.61
1024,222_217_46907787,0,14.82
1025,222_218_46907787,0,7.26
1026,222_219_46907787,0,15.15
1027,222_220_46907787,0,2.26
1028,222_221_46907787,0,9.12
1029,222_223_46907787,1,0.7
1030,222_224_46907787,1,15.33
1031,222_225_46907787,0,
1032,222_226_46907787,1,20.47
1033,223_215_46907787,0,27.53
1034,223_218_46907787,0,23.13
1035,223_220_46907787,0,17.18
1036,224_215_46907787,0,5.0
1037,224_218_46907787,0,
1038,224_220_46907787,1,3.99
1039,224_223_46907787,0,8.42
1040,225_215_46907787,0,17.39
1041,225_216_46907787,0,6.05
1042,225_217_46907787,0,18.39
1043,225_218_46907787,1,22.33
1044,225_220_46907787,0,4.88
1045,225_223_46907787,1,9.01
1046,225_224_46907787,0,
1047,226_10_49871818,1,0.76
1048,226_215_46907787,0,9.18
1049,226_216_46907787,0,15.21
1050,226_217_46907787,0,26.78
1051,226_218_46907787,0,
1052,226_220_46907787,0,6.38
1053,226_223_46907787,0,9.98
1054,226_224_46907787,1,23.54
1055,226_225_46907787,0,12.98
1056,226_227_122172645,1,52.6
1057,226_229_49871818,0,18.4
1058,226_22_49871818,1,14.25
1059,226_230_49871818,1,32.47
1060,226_23_49871818,1,3.78
1061,227_10_49871818,0,82.94
1062,227_226_122172647,0,35.62
1063,227_226_122172649,0,43.57
1064,227_226_122172651,0,43.26
1065,227_226_122172662,0,31.37
1066,227_226_122172665,0,
1067,227_226_49871818,0,37.54
1068,227_229_49871818,0,46.34
1069,227_22_49871818,0,36.65
1070,227_230_122172662,1,10.33
1071,227_230_49871818,1,13.28
1072,227_232_49871818,0,57.97
1073,227_233_49871818,0,23.91
1074,227_23_49871818,0,87.04
1075,228_167_5280343,0,
1076,22_229_49871818,0,59.47
1077,22_230_49871818,1,36.94
1078,230_226_122172662,0,45.63
1079,230_229_49871818,0,63.52
1080,231_234_10090192,0,20.96
1081,231_234_445576,0,18.67
1082,231_243_445576,1,11.5
1083,231_243_449171,1,18.63
1084,231_85_444795,1,55.13
1085,232_10_49871818,0,15.85
1086,232_229_49871818,1,6.3
1087,232_22_49871818,1,21.51
1088,232_230_49871818,1,45.57
1089,232_23_49871818,0,5.95
1090,233_10_49871818,0,42.84
1091,233_229_49871818,0,33.67
1092,233_22_49871818,0,13.63
1093,233_230_49871818,1,3.29
1094,233_23_49871818,0,54.48
1095,234_231_10834157,1,23.98
1096,234_231_2605,1,32.48
1097,234_231_445575,1,31.98
1098,234_231_4469124,1,37.21
1099,234_231_449171,1,27.98
1100,234_243_2605,0,4.1
1101,234_243_449171,0,0.09
1102,234_85_444795,1,65.27
1103,237_236_25202084,1,5.62
1104,237_236_7019106,1,9.64
1105,237_238_25202084,0,6.87
1106,238_236_25202084,1,5.2
1107,238_236_7019106,1,16.95
1108,238_237_7019106,1,21.05
1109,239_236_25202084,0,
1110,239_236_7019106,1,18.67
1111,239_237_25202084,1,11.02
1112,239_237_7019106,1,3.22
1113,239_238_25202084,0,14.54
1114,239_238_7019106,1,0.59
1115,23_229_49871818,0,24.8
1116,23_22_49871818,1,9.34
1117,23_230_49871818,1,50.16
1118,240_13_3062316,0,23.69
1119,240_14_3062316,0,6.33
1120,240_16_3062316,0,18.92
1121,240_175_3062316,1,13.31
1122,240_17_3062316,1,9.04
1123,240_242_118704883,1,4.86
1124,241_235_127054027,0,
1125,241_235_127054028,0,
1126,242_11_5291,0,4.34
1127,242_13_3062316,0,15.72
1128,242_13_5291,0,3.76
1129,242_14_3062316,0,36.01
1130,242_160_644241,1,44.1
1131,242_16_3062316,0,2.65
1132,242_16_5291,0,20.54
1133,242_175_3062316,1,1.91
1134,242_17_3062316,1,1.92
1135,242_240_11714353,0,15.89
1136,242_240_118704885,1,4.0
1137,242_240_121225818,0,29.58
1138,242_240_121225819,0,16.84
1139,242_240_121225820,0,3.46
1140,242_240_25066467,0,32.62
1141,242_240_3062316,0,0.15
1142,243_231_10090192,0,16.45
1143,243_231_10834157,0,0.63
1144,243_231_2605,0,26.57
1145,243_231_444795,0,23.52
1146,243_231_445575,0,26.67
1147,243_231_4469124,0,18.77
1148,243_234_10090192,1,13.34
1149,243_234_10834157,0,18.91
1150,243_234_444795,0,5.06
1151,243_234_445575,0,13.06
1152,243_234_445576,0,5.82
1153,243_234_4469124,0,19.07
1154,243_85_444795,1,60.62
1155,244_0_122197913,0,12.26
1156,245_0_122197913,0,26.1
1157,245_244_122197913,0,7.09
1158,24_10_49871818,0,55.15
1159,24_226_49871818,0,41.36
1160,24_227_49871818,1,10.7
1161,24_229_49871818,0,60.65
1162,24_22_49871818,0,42.62
1163,24_230_49871818,1,20.02
1164,24_232_49871818,0,48.64
1165,24_233_49871818,0,9.1
1166,24_23_49871818,0,20.79
1167,25_9_70997213,1,15.42
1168,26_25_70997213,1,12.31
1169,26_9_70997213,0,7.82
1170,27_141_10992961,1,45.48
1171,27_172_10992961,0,39.18
1172,27_172_24776258,0,15.84
1173,27_172_24776259,0,41.88
1174,27_172_24776260,0,41.45
1175,27_172_24776264,0,25.3
1176,27_172_24776269,0,23.97
1177,27_28_24776258,1,38.91
1178,27_28_24776260,1,32.66
1179,27_28_24776264,1,49.53
1180,27_38_10992961,1,42.52
1181,27_38_11948679,1,56.4
1182,27_38_24776259,1,43.3
1183,28_141_10992961,1,39.37
1184,28_141_24776263,1,34.26
1185,28_141_24776267,1,27.61
1186,28_172_10992961,0,61.89
1187,28_172_126962004,0,46.03
1188,28_172_127053744,0,44.78
1189,28_172_24776258,0,64.86
1190,28_172_24776259,0,58.65
1191,28_172_24776260,0,74.23
1192,28_172_24776261,0,65.11
1193,28_172_24776263,0,51.36
1194,28_172_24776264,0,58.02
1195,28_27_10992961,0,36.17
1196,28_27_24776259,0,34.62
1197,28_38_10992961,1,31.9
1198,28_38_24776259,0,4.38
1199,29_199_91898892,1,51.18
1200,29_199_91898893,1,49.07
1201,29_199_91898894,1,47.96
1202,29_199_91898895,1,52.79
1203,29_199_91898896,1,61.39
1204,29_199_91898898,1,43.96
1205,29_199_91898899,0,
1206,31_32_3034794,0,8.12
1207,31_33_3034794,1,13.08
1208,31_34_3034794,0,22.63
1209,31_35_3034794,0,7.6
1210,33_32_3034794,0,8.99
1211,33_34_122198064,1,5.26
1212,33_35_122198064,0,8.45
1213,33_35_3034794,0,1.21
1214,34_32_3034794,1,6.42
1215,34_35_122198064,0,18.41
1216,34_35_3034794,1,3.13
1217,38_141_10992961,0,16.06
1218,40_107_5403,1,10.93
1219,40_110_5486546,0,3.53
1220,43_122_21044338,0,3.26
1221,43_122_44398711,0,15.44
1222,43_122_44398976,0,
1223,43_122_50997762,0,39.99
1224,43_123_21044338,0,22.88
1225,43_123_44398711,0,29.99
1226,43_123_44398976,0,25.72
1227,43_123_50997762,0,15.93
1228,43_125_21044338,0,19.82
1229,43_125_44398711,0,21.25
1230,43_125_44398976,0,44.32
1231,43_125_50997762,0,21.92
1232,43_168_50997762,0,55.2
1233,43_201_21044338,0,20.59
1234,43_201_44398711,0,13.3
1235,43_201_44398976,0,0.21
1236,43_201_50997762,0,7.04
1237,44_37_1369,0,49.41
1238,44_46_1369,1,15.2
1239,44_47_1369,0,2.96
1240,45_145_127045752,1,17.1
1241,45_145_127047625,1,23.89
1242,45_145_127047846,1,13.73
1243,45_145_129626983,1,16.59
1244,45_145_129626984,1,33.71
1245,45_145_129626985,1,17.19
1246,45_145_129626986,1,32.65
1247,45_145_129626987,1,16.82
1248,45_145_129626989,1,21.66
1249,45_145_129626990,1,31.79
1250,45_145_129627003,1,20.42
1251,45_145_3295,1,47.48
1252,45_145_78319189,1,23.98
1253,45_145_78319192,1,31.0
1254,45_145_78319193,1,19.25
1255,45_145_78319194,1,32.45
1256,45_166_129626984,1,2.17
1257,45_166_129626989,0,21.25
1258,45_166_78319193,0,12.88
1259,45_166_91895866,0,8.34
1260,45_166_91895867,0,2.63
1261,45_177_127045752,1,29.94
1262,45_177_127047846,1,23.44
1263,45_177_129626984,1,15.53
1264,45_177_129626985,1,1.27
1265,45_177_129626987,1,26.33
1266,45_177_129626990,1,8.46
1267,45_177_78319189,1,22.92
1268,45_177_78319193,1,25.31
1269,45_179_127047625,0,27.29
1270,45_179_129626983,0,37.87
1271,45_179_129626986,0,28.97
1272,45_179_129626987,0,8.42
1273,45_179_129626989,0,10.59
1274,45_179_129626990,0,19.35
1275,45_179_129627003,0,15.86
1276,45_179_78319189,0,3.06
1277,45_179_78319193,0,16.21
1278,46_37_1369,0,48.4
1279,47_37_1369,0,54.19
1280,47_46_1369,1,30.77
1281,50_51_123133412,0,14.86
1282,50_51_123133413,0,20.15
1283,50_51_16193817,0,10.88
1284,52_53_123133408,1,12.14
1285,53_52_123133400,0,2.87
1286,53_52_123133401,0,2.88
1287,53_52_123133402,0,19.13
1288,53_52_123133403,0,1.89
1289,53_52_123133404,1,3.84
1290,53_52_123133405,0,
1291,53_52_123133407,1,8.02
1292,53_52_123133410,1,1.59
1293,53_52_123133411,1,13.29
1294,54_55_127054055,1,7.93
1295,54_56_127054055,1,10.94
1296,54_57_127054055,1,4.07
1297,56_55_127054055,1,10.97
1298,56_57_127054055,0,6.49
1299,57_55_127054055,1,11.24
1300,58_14_5494449,0,32.51
1301,58_17_5494449,0,30.84
1302,59_61_443408,0,24.6
1303,59_62_443408,0,3.98
1304,59_64_443408,0,19.34
1305,59_65_443408,1,1.94
1306,59_67_443408,0,5.14
1307,59_68_443408,0,1.4
1308,59_70_443408,1,2.3
1309,59_72_443408,1,25.66
1310,59_73_443408,1,10.2
1311,59_74_443408,1,9.34
1312,59_78_443408,0,30.11
1313,59_80_443408,0,13.34
1314,59_81_443408,1,0.39
1315,59_84_443408,0,17.61
1316,60_59_443408,0,0.87
1317,60_61_443408,1,11.2
1318,60_62_443408,1,4.68
1319,60_64_443408,1,3.84
1320,60_65_443408,1,5.48
1321,60_66_443408,1,12.85
1322,60_67_443408,1,5.5
1323,60_68_443408,0,0.74
1324,60_69_443408,1,5.11
1325,60_70_443408,1,2.86
1326,60_72_443408,1,6.73
1327,60_73_443408,1,7.79
1328,60_74_443408,0,
1329,60_78_443408,1,11.0
1330,60_79_443408,0,4.41
1331,60_80_443408,0,9.2
1332,60_81_443408,1,17.75
1333,60_82_443408,1,15.93
1334,60_84_443408,1,3.67
1335,61_64_443408,0,16.94
1336,61_65_443408,0,9.74
1337,61_67_443408,1,9.35
1338,61_72_443408,0,2.03
1339,61_73_443408,1,14.28
1340,61_74_443408,0,3.84
1341,61_78_443408,0,1.04
1342,61_81_443408,0,9.82
1343,62_61_443408,0,
1344,62_64_443408,0,18.93
1345,62_65_443408,0,6.6
1346,62_67_443408,0,2.92
1347,62_72_443408,1,11.34
1348,62_73_443408,1,6.64
1349,62_74_443408,0,11.54
1350,62_78_443408,1,9.85
1351,62_80_443408,0,8.44
1352,62_81_443408,1,9.26
1353,62_84_443408,0,16.66
1354,63_59_443408,1,7.33
1355,63_60_443408,0,6.8
1356,63_61_443408,1,10.97
1357,63_62_443408,0,2.78
1358,63_64_443408,0,
1359,63_65_443408,1,8.53
1360,63_66_443408,1,8.98
1361,63_67_443408,1,3.51
1362,63_68_443408,0,8.53
1363,63_69_443408,0,0.0
1364,63_70_443408,0,
1365,63_72_443408,1,4.37
1366,63_73_443408,1,4.35
1367,63_74_443408,0,15.76
1368,63_75_443408,1,11.64
1369,63_77_443408,1,8.17
1370,63_78_443408,1,2.55
1371,63_79_443408,1,1.08
1372,63_80_443408,0,6.07
1373,63_81_443408,1,16.59
1374,63_82_443408,0,1.03
1375,63_83_443408,1,2.67
1376,63_84_443408,0,
1377,64_72_443408,1,16.91
1378,64_78_443408,1,10.73
1379,65_64_443408,0,19.25
1380,65_67_443408,0,0.39
1381,65_72_443408,1,26.06
1382,65_73_443408,1,10.41
1383,65_78_443408,1,8.29
1384,66_61_443408,0,7.16
1385,66_62_443408,0,0.0
1386,66_64_443408,0,4.78
1387,66_65_443408,0,24.66
1388,66_67_443408,1,16.98
1389,66_68_443408,0,8.07
1390,66_70_443408,1,0.21
1391,66_72_443408,0,1.61
1392,66_73_443408,1,21.07
1393,66_74_443408,0,3.94
1394,66_78_443408,0,8.75
1395,66_80_443408,0,11.74
1396,66_81_443408,1,15.49
1397,66_84_443408,0,11.26
1398,67_64_443408,0,34.97
1399,67_72_443408,0,7.71
1400,67_78_443408,0,15.06
1401,68_61_443408,0,14.36
1402,68_62_443408,0,9.47
1403,68_64_443408,0,10.66
1404,68_65_443408,0,15.11
1405,68_67_443408,0,6.17
1406,68_70_443408,0,8.58
1407,68_72_443408,1,1.11
1408,68_73_443408,0,9.41
1409,68_74_443408,0,7.73
1410,68_78_443408,0,12.9
1411,68_80_443408,0,10.37
1412,68_81_443408,0,19.39
1413,68_84_443408,1,1.4
1414,69_61_443408,1,4.62
1415,69_62_443408,0,
1416,69_64_443408,0,16.31
1417,69_65_443408,1,7.74
1418,69_67_443408,0,
1419,69_68_443408,1,22.87
1420,69_70_443408,1,14.85
1421,69_72_443408,1,7.63
1422,69_73_443408,1,7.7
1423,69_74_443408,1,8.17
1424,69_78_443408,1,12.26
1425,69_80_443408,1,3.36
1426,69_81_443408,1,5.28
1427,69_84_443408,0,10.07
1428,70_61_443408,0,6.66
1429,70_64_443408,0,19.24
1430,70_65_443408,0,9.87
1431,70_67_443408,1,5.5
1432,70_72_443408,1,13.9
1433,70_73_443408,1,1.24
1434,70_74_443408,1,1.18
1435,70_78_443408,1,2.79
1436,70_80_443408,0,10.88
1437,70_81_443408,1,4.13
1438,70_84_443408,0,21.8
1439,71_59_443408,1,14.63
1440,71_60_443408,1,1.01
1441,71_61_443408,1,2.6
1442,71_62_443408,1,8.68
1443,71_63_443408,1,12.4
1444,71_64_443408,1,2.81
1445,71_65_443408,1,4.96
1446,71_66_443408,0,5.72
1447,71_67_443408,1,10.32
1448,71_68_443408,1,0.93
1449,71_69_443408,0,8.85
1450,71_70_443408,1,13.2
1451,71_72_443408,1,17.68
1452,71_73_443408,1,12.71
1453,71_74_443408,1,4.0
1454,71_75_443408,0,17.94
1455,71_76_443408,0,0.2
1456,71_77_443408,1,8.11
1457,71_78_443408,0,6.16
1458,71_79_443408,0,29.9
1459,71_80_443408,0,7.2
1460,71_81_443408,1,32.99
1461,71_82_443408,1,5.61
1462,71_83_443408,1,9.75
1463,71_84_443408,1,13.88
1464,73_64_443408,0,20.88
1465,73_67_443408,1,13.76
1466,73_72_443408,1,18.65
1467,73_78_443408,0,20.88
1468,74_64_443408,0,8.16
1469,74_65_443408,1,13.31
1470,74_67_443408,1,9.44
1471,74_72_443408,0,0.33
1472,74_73_443408,1,15.03
1473,74_78_443408,0,7.98
1474,75_59_443408,1,0.54
1475,75_60_443408,1,3.21
1476,75_61_443408,0,5.46
1477,75_62_443408,1,21.57
1478,75_64_443408,0,20.4
1479,75_65_443408,1,9.61
1480,75_66_443408,1,22.02
1481,75_67_443408,1,8.29
1482,75_68_443408,1,4.52
1483,75_69_443408,0,2.45
1484,75_70_443408,0,1.02
1485,75_72_443408,1,15.61
1486,75_73_443408,1,20.25
1487,75_74_443408,0,5.43
1488,75_77_443408,1,0.4
1489,75_78_443408,1,8.48
1490,75_79_443408,0,6.59
1491,75_80_443408,0,9.35
1492,75_81_443408,1,2.23
1493,75_82_443408,0,7.35
1494,75_83_443408,1,2.86
1495,75_84_443408,0,12.91
1496,76_59_443408,0,12.83
1497,76_60_443408,0,3.85
1498,76_61_443408,0,10.21
1499,76_62_443408,0,
1500,76_63_443408,0,10.28
1501,76_64_443408,0,5.77
1502,76_65_443408,0,20.2
1503,76_66_443408,1,16.7
1504,76_67_443408,1,6.56
1505,76_68_443408,0,8.31
1506,76_69_443408,1,6.31
1507,76_70_443408,0,1.69
1508,76_72_443408,0,4.05
1509,76_73_443408,1,5.04
1510,76_74_443408,0,8.97
1511,76_75_443408,0,9.59
1512,76_77_443408,1,4.91
1513,76_78_443408,1,8.81
1514,76_79_443408,0,12.55
1515,76_80_443408,0,16.07
1516,76_81_443408,1,16.72
1517,76_82_443408,0,4.75
1518,76_83_443408,0,0.22
1519,76_84_443408,0,11.62
1520,77_59_443408,1,3.46
1521,77_60_443408,0,15.36
1522,77_61_443408,0,23.34
1523,77_62_443408,0,17.48
1524,77_64_443408,0,18.42
1525,77_65_443408,0,11.34
1526,77_66_443408,0,14.02
1527,77_67_443408,1,11.88
1528,77_68_443408,0,4.62
1529,77_69_443408,0,18.2
1530,77_70_443408,0,3.82
1531,77_72_443408,1,22.39
1532,77_73_443408,1,19.82
1533,77_74_443408,0,19.11
1534,77_78_443408,0,16.04
1535,77_79_443408,0,22.0
1536,77_80_443408,1,1.68
1537,77_81_443408,0,18.43
1538,77_82_443408,0,9.4
1539,77_83_443408,0,13.41
1540,77_84_443408,0,21.76
1541,78_72_443408,1,6.77
1542,79_61_443408,1,24.74
1543,79_62_443408,0,6.27
1544,79_64_443408,1,14.94
1545,79_65_443408,1,28.61
1546,79_67_443408,1,8.56
1547,79_68_443408,0,0.62
1548,79_70_443408,1,7.44
1549,79_72_443408,1,27.92
1550,79_73_443408,1,22.39
1551,79_74_443408,1,4.92
1552,79_78_443408,0,1.01
1553,79_80_443408,1,10.35
1554,79_81_443408,1,7.15
1555,79_84_443408,1,5.32
1556,7_160_123631,1,3.16
1557,7_8_123631,0,4.97
1558,80_61_443408,1,13.39
1559,80_64_443408,0,6.77
1560,80_65_443408,1,21.41
1561,80_67_443408,1,11.05
1562,80_72_443408,1,6.96
1563,80_73_443408,1,10.46
1564,80_74_443408,0,3.09
1565,80_78_443408,1,13.08
1566,80_81_443408,1,26.03
1567,81_64_443408,0,22.28
1568,81_65_443408,1,1.13
1569,81_67_443408,1,1.82
1570,81_72_443408,1,22.8
1571,81_73_443408,0,8.58
1572,81_78_443408,0,2.68
1573,82_61_443408,0,2.62
1574,82_62_443408,0,
1575,82_64_443408,0,4.07
1576,82_65_443408,0,2.19
1577,82_67_443408,1,23.63
1578,82_68_443408,1,5.31
1579,82_70_443408,0,13.7
1580,82_72_443408,1,15.64
1581,82_73_443408,1,22.92
1582,82_74_443408,0,6.58
1583,82_78_443408,1,8.49
1584,82_80_443408,0,11.7
1585,82_81_443408,0,
1586,82_84_443408,0,20.08
1587,83_59_443408,1,9.43
1588,83_60_443408,0,19.35
1589,83_61_443408,0,7.91
1590,83_62_443408,1,27.5
1591,83_64_443408,0,19.03
1592,83_65_443408,0,5.48
1593,83_66_443408,1,12.93
1594,83_67_443408,1,16.56
1595,83_68_443408,1,1.35
1596,83_69_443408,1,3.31
1597,83_70_443408,0,23.47
1598,83_72_443408,1,11.07
1599,83_73_443408,1,11.12
1600,83_74_443408,1,13.94
1601,83_78_443408,1,12.21
1602,83_79_443408,0,18.46
1603,83_80_443408,0,21.21
1604,83_81_443408,1,12.71
1605,83_82_443408,0,3.16
1606,83_84_443408,0,14.08
1607,84_61_443408,1,5.79
1608,84_64_443408,0,6.28
1609,84_65_443408,1,2.8
1610,84_67_443408,0,
1611,84_72_443408,1,18.5
1612,84_73_443408,1,24.92
1613,84_74_443408,0,5.72
1614,84_78_443408,0,4.01
1615,84_80_443408,0,7.68
1616,84_81_443408,1,17.39
1617,88_86_9833444,0,2.93
1618,8_160_123631,1,2.42
1619,90_89_11260561,0,12.03
1620,90_91_11260561,0,6.39
1621,91_89_11260561,1,14.98
1622,92_89_11260561,0,7.1
1623,92_90_11260561,1,5.31
1624,92_91_11260561,0,11.88
1625,93_196_108112,1,0.7
1626,93_196_5920,1,11.84
1627,93_196_90837545,1,9.12
1628,94_95_124222223,0,4.18
1629,94_96_124222223,1,3.08
1630,94_97_124222223,1,3.53
1631,94_98_124222223,0,1.9
1632,95_97_124222223,0,6.9
1633,96_95_124222223,1,1.06
1634,96_97_124222223,1,3.82
1635,96_98_124222223,0,13.57
1636,98_95_124222223,1,18.48
1637,98_97_124222223,1,2.52
1638,99_36_53258680,0,
