,ID,Confidence,Chain(A=0)(B=1)
0,R112Q_R122A,-0.91,0
1,R112Q_R122A,-0.99,1
2,R112Q_R122A,-1.30,1
3,R112Q_R122A,-1.32,0
4,R112Q_R122A,-1.37,1
5,R112Q_R122A,-1.38,1
6,R112Q_R122A,-1.41,1
7,R112Q_R122A,-1.44,1
8,R112Q_R122A,-1.50,1
9,R112Q_R122A,-1.50,0
10,R112Q_R122A,-1.56,0
11,R112Q_R122A,-1.57,1
12,R112Q_R122A,-1.58,1
13,R112Q_R122A,-1.59,1
14,R112Q_R122A,-1.60,1
15,R112Q_R122A,-1.61,0
16,R112Q_R122A,-1.64,1
17,R112Q_R122A,-1.64,1
18,R112Q_R122A,-1.64,1
19,R112Q_R122A,-1.66,0
20,R112Q_R122A,-1.68,0
21,R112Q_R122A,-1.74,1
22,R112Q_R122A,-1.75,1
23,R112Q_R122A,-1.78,0
24,R112Q_R122A,-1.81,1
25,R112Q_R122A,-1.83,1
26,R112Q_R122A,-1.84,1
27,R112Q_R122A,-1.88,0
28,R112Q_R122A,-1.88,1
29,R112Q_R122A,-1.91,1
30,R112Q_R122A,-1.93,1
31,R112Q_R122A,-1.94,1
32,R112Q_R122A,-1.95,1
33,R112Q_R122A,-1.96,1
34,R112Q_R122A,-2.00,1
35,R112Q_R122A,-2.02,0
36,R112Q_R122A,-2.05,0
37,R112Q_R122A,-2.08,0
38,R112Q_R122A,-2.11,0
39,R112Q_R122A,-2.12,0
40,R112Q_R122A,-2.13,0
41,R112Q_R122A,-2.14,1
42,R112Q_R122A,-2.16,1
43,R112Q_R122A,-2.20,0
44,R112Q_R122A,-2.23,1
45,R112Q_R122A,-2.28,1
46,R112Q_R122A,-2.31,1
47,R112Q_R122A,-2.34,0
48,R112Q_R122A,-2.36,0
49,R112Q_R122A,-2.39,0
50,R112Q_R122A,-2.46,1
51,R112Q_R122A,-2.49,0
52,R112Q_R122A,-2.49,1
53,R112Q_R122A,-2.52,0
54,R112Q_R122A,-2.53,1
55,R112Q_R122A,-2.63,0
56,R112Q_R122A,-3.14,0
57,R112Q_R122A,-3.23,1
58,R112Q_R122A,-3.46,1
59,R112Q_R122A,-4.22,1
0,R112Q_R122K,-0.76,1
1,R112Q_R122K,-1.00,1
2,R112Q_R122K,-1.01,1
3,R112Q_R122K,-1.01,1
4,R112Q_R122K,-1.19,1
5,R112Q_R122K,-1.24,1
6,R112Q_R122K,-1.28,1
7,R112Q_R122K,-1.30,1
8,R112Q_R122K,-1.30,0
9,R112Q_R122K,-1.34,1
10,R112Q_R122K,-1.38,0
11,R112Q_R122K,-1.42,0
12,R112Q_R122K,-1.44,1
13,R112Q_R122K,-1.46,1
14,R112Q_R122K,-1.47,0
15,R112Q_R122K,-1.47,0
16,R112Q_R122K,-1.49,1
17,R112Q_R122K,-1.49,1
18,R112Q_R122K,-1.51,1
19,R112Q_R122K,-1.53,0
20,R112Q_R122K,-1.54,1
21,R112Q_R122K,-1.56,1
22,R112Q_R122K,-1.56,1
23,R112Q_R122K,-1.58,1
24,R112Q_R122K,-1.62,0
25,R112Q_R122K,-1.66,1
26,R112Q_R122K,-1.67,0
27,R112Q_R122K,-1.68,1
28,R112Q_R122K,-1.70,0
29,R112Q_R122K,-1.70,1
30,R112Q_R122K,-1.72,1
31,R112Q_R122K,-1.73,1
32,R112Q_R122K,-1.74,1
33,R112Q_R122K,-1.77,0
34,R112Q_R122K,-1.80,0
35,R112Q_R122K,-1.84,0
36,R112Q_R122K,-1.87,1
37,R112Q_R122K,-1.88,1
38,R112Q_R122K,-1.89,1
39,R112Q_R122K,-1.93,1
40,R112Q_R122K,-1.95,0
41,R112Q_R122K,-1.99,1
42,R112Q_R122K,-1.99,0
43,R112Q_R122K,-2.02,0
44,R112Q_R122K,-2.05,0
45,R112Q_R122K,-2.10,0
46,R112Q_R122K,-2.11,1
47,R112Q_R122K,-2.19,0
48,R112Q_R122K,-2.28,0
49,R112Q_R122K,-2.33,0
50,R112Q_R122K,-2.38,1
51,R112Q_R122K,-2.43,0
52,R112Q_R122K,-2.47,0
53,R112Q_R122K,-2.49,0
54,R112Q_R122K,-2.53,1
55,R112Q_R122K,-2.66,0
56,R112Q_R122K,-2.75,0
57,R112Q_R122K,-3.09,1
58,R112Q_R122K,-3.42,0
59,R112Q_R122K,-3.43,0
0,R112Q_R126K,-0.99,1.0
1,R112Q_R126K,-1.17,0.0
2,R112Q_R126K,-1.37,1.0
3,R112Q_R126K,-1.37,1.0
4,R112Q_R126K,-1.41,0.0
5,R112Q_R126K,-1.46,1.0
6,R112Q_R126K,-1.47,0.0
7,R112Q_R126K,-1.50,0.0
8,R112Q_R126K,-1.54,1.0
9,R112Q_R126K,-1.54,1.0
10,R112Q_R126K,-1.58,0.0
11,R112Q_R126K,-1.58,0.0
12,R112Q_R126K,-1.59,1.0
13,R112Q_R126K,-1.60,1.0
14,R112Q_R126K,-1.61,0.0
15,R112Q_R126K,-1.62,0.0
16,R112Q_R126K,-1.63,0.0
17,R112Q_R126K,-1.63,1.0
18,R112Q_R126K,-1.66,0.0
19,R112Q_R126K,-1.66,1.0
20,R112Q_R126K,-1.67,0.0
21,R112Q_R126K,-1.68,1.0
22,R112Q_R126K,-1.71,0.0
23,R112Q_R126K,-1.71,0.0
24,R112Q_R126K,-1.72,1.0
25,R112Q_R126K,-1.74,1.0
26,R112Q_R126K,-1.75,0.0
27,R112Q_R126K,-1.77,1.0
28,R112Q_R126K,-1.77,0.0
29,R112Q_R126K,-1.78,1.0
30,R112Q_R126K,-1.83,1.0
31,R112Q_R126K,-1.83,1.0
32,R112Q_R126K,-1.85,0.0
33,R112Q_R126K,-1.89,0.0
34,R112Q_R126K,-1.91,0.0
35,R112Q_R126K,-1.97,0.0
36,R112Q_R126K,-1.99,0.0
37,R112Q_R126K,-2.01,0.0
38,R112Q_R126K,-2.01,1.0
39,R112Q_R126K,-2.02,1.0
40,R112Q_R126K,-2.07,1.0
41,R112Q_R126K,-2.08,0.0
42,R112Q_R126K,-2.14,1.0
43,R112Q_R126K,-2.18,0.0
44,R112Q_R126K,-2.21,0.0
45,R112Q_R126K,-2.22,0.0
46,R112Q_R126K,-2.41,0.0
47,R112Q_R126K,-2.47,0.0
48,R112Q_R126K,-2.50,0.0
49,R112Q_R126K,-2.52,0.0
50,R112Q_R126K,-2.53,1.0
51,R112Q_R126K,-2.56,1.0
52,R112Q_R126K,-2.58,0.0
53,R112Q_R126K,-2.60,1.0
54,R112Q_R126K,-2.84,1.0
55,R112Q_R126K,-2.90,0.0
56,R112Q_R126K,-2.94,0.0
57,R112Q_R126K,-3.44,1.0
58,R112Q_R126K,-3.72,1.0
59,R112Q_R126K,-5.53,
0,R112Q_WT,-0.83,1
1,R112Q_WT,-0.85,1
2,R112Q_WT,-0.94,1
3,R112Q_WT,-0.97,1
4,R112Q_WT,-0.99,1
5,R112Q_WT,-1.00,0
6,R112Q_WT,-1.13,1
7,R112Q_WT,-1.19,1
8,R112Q_WT,-1.19,1
9,R112Q_WT,-1.24,0
10,R112Q_WT,-1.25,0
11,R112Q_WT,-1.25,1
12,R112Q_WT,-1.27,1
13,R112Q_WT,-1.27,1
14,R112Q_WT,-1.37,1
15,R112Q_WT,-1.39,1
16,R112Q_WT,-1.42,0
17,R112Q_WT,-1.47,0
18,R112Q_WT,-1.47,0
19,R112Q_WT,-1.47,0
20,R112Q_WT,-1.48,0
21,R112Q_WT,-1.51,0
22,R112Q_WT,-1.55,1
23,R112Q_WT,-1.58,1
24,R112Q_WT,-1.59,0
25,R112Q_WT,-1.60,1
26,R112Q_WT,-1.68,1
27,R112Q_WT,-1.69,0
28,R112Q_WT,-1.70,0
29,R112Q_WT,-1.71,1
30,R112Q_WT,-1.77,1
31,R112Q_WT,-1.83,1
32,R112Q_WT,-1.84,0
33,R112Q_WT,-1.96,0
34,R112Q_WT,-1.99,0
35,R112Q_WT,-2.02,1
36,R112Q_WT,-2.13,1
37,R112Q_WT,-2.15,1
38,R112Q_WT,-2.18,0
39,R112Q_WT,-2.24,1
40,R112Q_WT,-2.29,1
41,R112Q_WT,-2.33,0
42,R112Q_WT,-2.36,1
43,R112Q_WT,-2.41,0
44,R112Q_WT,-2.58,1
45,R112Q_WT,-2.62,0
46,R112Q_WT,-2.69,0
47,R112Q_WT,-2.74,0
48,R112Q_WT,-2.76,1
49,R112Q_WT,-2.82,1
50,R112Q_WT,-2.84,1
51,R112Q_WT,-2.96,0
52,R112Q_WT,-2.97,0
53,R112Q_WT,-3.07,1
54,R112Q_WT,-3.25,0
55,R112Q_WT,-3.27,0
56,R112Q_WT,-3.50,0
57,R112Q_WT,-3.64,1
58,R112Q_WT,-3.64,1
59,R112Q_WT,-4.26,0
0,R122A_R122K,-0.86,1
1,R122A_R122K,-1.00,1
2,R122A_R122K,-1.09,1
3,R122A_R122K,-1.15,1
4,R122A_R122K,-1.15,1
5,R122A_R122K,-1.29,1
6,R122A_R122K,-1.31,1
7,R122A_R122K,-1.38,1
8,R122A_R122K,-1.40,1
9,R122A_R122K,-1.43,1
10,R122A_R122K,-1.44,1
11,R122A_R122K,-1.45,1
12,R122A_R122K,-1.46,1
13,R122A_R122K,-1.53,1
14,R122A_R122K,-1.58,1
15,R122A_R122K,-1.63,0
16,R122A_R122K,-1.67,0
17,R122A_R122K,-1.68,0
18,R122A_R122K,-1.68,1
19,R122A_R122K,-1.75,0
20,R122A_R122K,-1.76,1
21,R122A_R122K,-1.77,1
22,R122A_R122K,-1.79,1
23,R122A_R122K,-1.80,1
24,R122A_R122K,-1.91,1
25,R122A_R122K,-1.92,0
26,R122A_R122K,-1.95,1
27,R122A_R122K,-1.96,0
28,R122A_R122K,-1.98,1
29,R122A_R122K,-1.99,0
30,R122A_R122K,-2.03,1
31,R122A_R122K,-2.04,0
32,R122A_R122K,-2.08,1
33,R122A_R122K,-2.10,1
34,R122A_R122K,-2.10,0
35,R122A_R122K,-2.13,0
36,R122A_R122K,-2.14,1
37,R122A_R122K,-2.20,0
38,R122A_R122K,-2.21,1
39,R122A_R122K,-2.21,1
40,R122A_R122K,-2.24,0
41,R122A_R122K,-2.27,0
42,R122A_R122K,-2.31,1
43,R122A_R122K,-2.33,1
44,R122A_R122K,-2.41,0
45,R122A_R122K,-2.41,0
46,R122A_R122K,-2.50,0
47,R122A_R122K,-2.57,0
48,R122A_R122K,-2.61,1
49,R122A_R122K,-2.62,1
50,R122A_R122K,-2.63,1
51,R122A_R122K,-2.75,0
52,R122A_R122K,-2.81,1
53,R122A_R122K,-2.97,1
54,R122A_R122K,-2.98,0
55,R122A_R122K,-3.01,1
56,R122A_R122K,-3.17,0
57,R122A_R122K,-3.24,1
58,R122A_R122K,-3.38,0
59,R122A_R122K,-4.28,0
0,R122A_R126K,-1.00,1
1,R122A_R126K,-1.25,1
2,R122A_R126K,-1.37,1
3,R122A_R126K,-1.40,0
4,R122A_R126K,-1.45,1
5,R122A_R126K,-1.46,1
6,R122A_R126K,-1.46,1
7,R122A_R126K,-1.49,1
8,R122A_R126K,-1.51,1
9,R122A_R126K,-1.53,1
10,R122A_R126K,-1.56,0
11,R122A_R126K,-1.57,1
12,R122A_R126K,-1.59,0
13,R122A_R126K,-1.60,0
14,R122A_R126K,-1.61,1
15,R122A_R126K,-1.61,1
16,R122A_R126K,-1.62,1
17,R122A_R126K,-1.62,0
18,R122A_R126K,-1.63,1
19,R122A_R126K,-1.65,0
20,R122A_R126K,-1.68,1
21,R122A_R126K,-1.68,1
22,R122A_R126K,-1.70,0
23,R122A_R126K,-1.71,1
24,R122A_R126K,-1.71,1
25,R122A_R126K,-1.71,1
26,R122A_R126K,-1.71,1
27,R122A_R126K,-1.72,1
28,R122A_R126K,-1.77,0
29,R122A_R126K,-1.83,0
30,R122A_R126K,-1.83,0
31,R122A_R126K,-1.84,0
32,R122A_R126K,-1.85,0
33,R122A_R126K,-1.87,1
34,R122A_R126K,-1.88,0
35,R122A_R126K,-1.90,0
36,R122A_R126K,-2.04,1
37,R122A_R126K,-2.05,0
38,R122A_R126K,-2.08,0
39,R122A_R126K,-2.09,0
40,R122A_R126K,-2.09,0
41,R122A_R126K,-2.25,0
42,R122A_R126K,-2.33,0
43,R122A_R126K,-2.35,0
44,R122A_R126K,-2.40,0
45,R122A_R126K,-2.49,0
46,R122A_R126K,-2.57,0
47,R122A_R126K,-2.63,0
48,R122A_R126K,-2.67,1
49,R122A_R126K,-2.70,1
50,R122A_R126K,-2.91,0
51,R122A_R126K,-3.00,1
52,R122A_R126K,-3.00,0
53,R122A_R126K,-3.00,1
54,R122A_R126K,-3.03,1
55,R122A_R126K,-3.09,0
56,R122A_R126K,-3.18,0
57,R122A_R126K,-3.20,0
58,R122A_R126K,-3.33,1
59,R122A_R126K,-3.81,0
0,R122A_WT,-0.92,1
1,R122A_WT,-1.18,1
2,R122A_WT,-1.19,1
3,R122A_WT,-1.23,1
4,R122A_WT,-1.33,1
5,R122A_WT,-1.40,1
6,R122A_WT,-1.42,1
7,R122A_WT,-1.43,1
8,R122A_WT,-1.44,0
9,R122A_WT,-1.44,1
10,R122A_WT,-1.45,1
11,R122A_WT,-1.49,1
12,R122A_WT,-1.49,1
13,R122A_WT,-1.50,1
14,R122A_WT,-1.52,1
15,R122A_WT,-1.56,0
16,R122A_WT,-1.57,1
17,R122A_WT,-1.58,1
18,R122A_WT,-1.59,0
19,R122A_WT,-1.61,0
20,R122A_WT,-1.63,0
21,R122A_WT,-1.64,1
22,R122A_WT,-1.65,1
23,R122A_WT,-1.66,1
24,R122A_WT,-1.69,1
25,R122A_WT,-1.73,1
26,R122A_WT,-1.75,0
27,R122A_WT,-1.76,1
28,R122A_WT,-1.80,1
29,R122A_WT,-1.83,0
30,R122A_WT,-1.83,1
31,R122A_WT,-1.87,0
32,R122A_WT,-1.87,0
33,R122A_WT,-1.90,0
34,R122A_WT,-1.95,0
35,R122A_WT,-1.96,0
36,R122A_WT,-2.00,1
37,R122A_WT,-2.04,1
38,R122A_WT,-2.05,0
39,R122A_WT,-2.07,1
40,R122A_WT,-2.10,0
41,R122A_WT,-2.13,0
42,R122A_WT,-2.23,0
43,R122A_WT,-2.23,0
44,R122A_WT,-2.26,0
45,R122A_WT,-2.30,0
46,R122A_WT,-2.39,1
47,R122A_WT,-2.40,0
48,R122A_WT,-2.59,1
49,R122A_WT,-2.60,1
50,R122A_WT,-2.60,1
51,R122A_WT,-2.80,1
52,R122A_WT,-2.82,1
53,R122A_WT,-2.83,1
54,R122A_WT,-2.88,1
55,R122A_WT,-3.04,1
56,R122A_WT,-3.07,0
57,R122A_WT,-3.22,1
58,R122A_WT,-3.27,1
59,R122A_WT,-3.51,0
0,R122K_R126K,-1.06,0
1,R122K_R126K,-1.33,0
2,R122K_R126K,-1.34,1
3,R122K_R126K,-1.40,0
4,R122K_R126K,-1.41,0
5,R122K_R126K,-1.47,0
6,R122K_R126K,-1.49,1
7,R122K_R126K,-1.49,1
8,R122K_R126K,-1.51,1
9,R122K_R126K,-1.51,0
10,R122K_R126K,-1.52,0
11,R122K_R126K,-1.54,0
12,R122K_R126K,-1.56,1
13,R122K_R126K,-1.64,1
14,R122K_R126K,-1.64,1
15,R122K_R126K,-1.66,1
16,R122K_R126K,-1.71,0
17,R122K_R126K,-1.74,0
18,R122K_R126K,-1.77,0
19,R122K_R126K,-1.78,0
20,R122K_R126K,-1.80,1
21,R122K_R126K,-1.80,0
22,R122K_R126K,-1.80,1
23,R122K_R126K,-1.81,1
24,R122K_R126K,-1.84,1
25,R122K_R126K,-1.85,1
26,R122K_R126K,-1.86,1
27,R122K_R126K,-1.86,1
28,R122K_R126K,-1.87,0
29,R122K_R126K,-1.89,1
30,R122K_R126K,-1.89,0
31,R122K_R126K,-1.93,0
32,R122K_R126K,-1.94,1
33,R122K_R126K,-1.97,1
34,R122K_R126K,-1.98,0
35,R122K_R126K,-2.01,1
36,R122K_R126K,-2.12,0
37,R122K_R126K,-2.12,0
38,R122K_R126K,-2.21,1
39,R122K_R126K,-2.27,1
40,R122K_R126K,-2.31,0
41,R122K_R126K,-2.31,0
42,R122K_R126K,-2.33,1
43,R122K_R126K,-2.34,1
44,R122K_R126K,-2.45,0
45,R122K_R126K,-2.48,1
46,R122K_R126K,-2.51,1
47,R122K_R126K,-2.56,0
48,R122K_R126K,-2.65,0
49,R122K_R126K,-2.70,0
50,R122K_R126K,-2.78,0
51,R122K_R126K,-2.82,1
52,R122K_R126K,-2.84,1
53,R122K_R126K,-2.87,0
54,R122K_R126K,-2.90,1
55,R122K_R126K,-3.02,0
56,R122K_R126K,-3.09,0
57,R122K_R126K,-3.15,1
58,R122K_R126K,-3.38,1
59,R122K_R126K,-3.51,1
0,R122K_WT,-0.88,1
1,R122K_WT,-1.10,1
2,R122K_WT,-1.18,1
3,R122K_WT,-1.20,1
4,R122K_WT,-1.27,0
5,R122K_WT,-1.29,0
6,R122K_WT,-1.33,0
7,R122K_WT,-1.34,1
8,R122K_WT,-1.36,1
9,R122K_WT,-1.37,0
10,R122K_WT,-1.41,1
11,R122K_WT,-1.45,0
12,R122K_WT,-1.49,0
13,R122K_WT,-1.51,0
14,R122K_WT,-1.52,0
15,R122K_WT,-1.54,1
16,R122K_WT,-1.56,1
17,R122K_WT,-1.61,0
18,R122K_WT,-1.65,1
19,R122K_WT,-1.67,0
20,R122K_WT,-1.74,1
21,R122K_WT,-1.76,0
22,R122K_WT,-1.77,0
23,R122K_WT,-1.77,0
24,R122K_WT,-1.77,1
25,R122K_WT,-1.77,0
26,R122K_WT,-1.79,0
27,R122K_WT,-1.81,0
28,R122K_WT,-1.81,1
29,R122K_WT,-1.85,1
30,R122K_WT,-1.87,0
31,R122K_WT,-1.87,0
32,R122K_WT,-1.89,0
33,R122K_WT,-1.90,1
34,R122K_WT,-1.90,0
35,R122K_WT,-1.92,1
36,R122K_WT,-1.93,1
37,R122K_WT,-1.95,0
38,R122K_WT,-1.96,0
39,R122K_WT,-1.97,0
40,R122K_WT,-1.97,1
41,R122K_WT,-1.99,0
42,R122K_WT,-1.99,0
43,R122K_WT,-2.04,0
44,R122K_WT,-2.08,0
45,R122K_WT,-2.09,1
46,R122K_WT,-2.31,0
47,R122K_WT,-2.35,1
48,R122K_WT,-2.45,1
49,R122K_WT,-2.59,1
50,R122K_WT,-2.65,1
51,R122K_WT,-2.73,0
52,R122K_WT,-2.73,0
53,R122K_WT,-2.80,0
54,R122K_WT,-2.81,0
55,R122K_WT,-3.27,0
56,R122K_WT,-3.31,1
57,R122K_WT,-3.32,0
58,R122K_WT,-3.41,0
59,R122K_WT,-3.90,1
0,R126K_WT,-0.77,1
1,R126K_WT,-0.90,1
2,R126K_WT,-1.05,1
3,R126K_WT,-1.21,1
4,R126K_WT,-1.26,1
5,R126K_WT,-1.28,1
6,R126K_WT,-1.33,1
7,R126K_WT,-1.33,0
8,R126K_WT,-1.36,0
9,R126K_WT,-1.43,1
10,R126K_WT,-1.46,1
11,R126K_WT,-1.49,0
12,R126K_WT,-1.50,1
13,R126K_WT,-1.53,1
14,R126K_WT,-1.55,0
15,R126K_WT,-1.55,0
16,R126K_WT,-1.57,1
17,R126K_WT,-1.57,0
18,R126K_WT,-1.58,0
19,R126K_WT,-1.58,1
20,R126K_WT,-1.61,0
21,R126K_WT,-1.61,0
22,R126K_WT,-1.61,1
23,R126K_WT,-1.62,1
24,R126K_WT,-1.62,0
25,R126K_WT,-1.64,0
26,R126K_WT,-1.64,0
27,R126K_WT,-1.70,1
28,R126K_WT,-1.71,1
29,R126K_WT,-1.72,0
30,R126K_WT,-1.74,1
31,R126K_WT,-1.75,1
32,R126K_WT,-1.76,0
33,R126K_WT,-1.77,1
34,R126K_WT,-1.78,1
35,R126K_WT,-1.80,0
36,R126K_WT,-1.81,1
37,R126K_WT,-1.82,0
38,R126K_WT,-1.83,1
39,R126K_WT,-1.84,0
40,R126K_WT,-1.91,0
41,R126K_WT,-1.91,0
42,R126K_WT,-1.97,1
43,R126K_WT,-2.01,0
44,R126K_WT,-2.02,1
45,R126K_WT,-2.05,0
46,R126K_WT,-2.11,0
47,R126K_WT,-2.13,1
48,R126K_WT,-2.17,0
49,R126K_WT,-2.25,1
50,R126K_WT,-2.28,1
51,R126K_WT,-2.29,0
52,R126K_WT,-2.29,0
53,R126K_WT,-2.33,0
54,R126K_WT,-2.38,0
55,R126K_WT,-2.43,1
56,R126K_WT,-2.65,0
57,R126K_WT,-2.75,0
58,R126K_WT,-3.11,0
59,R126K_WT,-3.40,1
